regid,Lemma
"RI III,2,3 n. 1",werden
"RI III,2,3 n. 10",folgen
"RI III,2,3 n. 1000",feiern
"RI III,2,3 n. 1001",versammeln
"RI III,2,3 n. 1002",werden
"RI III,2,3 n. 1003",bestätigen
"RI III,2,3 n. 1004",feiern
"RI III,2,3 n. 1005",halten
"RI III,2,3 n. 1006",verleihen
"RI III,2,3 n. 1007",lassen
"RI III,2,3 n. 1008",schenken
"RI III,2,3 n. 1009",fallen|fällen
"RI III,2,3 n. 1010",schenken
"RI III,2,3 n. 1011",treffen
"RI III,2,3 n. 1012",zurückziehen
"RI III,2,3 n. 1013",bestätigen
"RI III,2,3 n. 1014",übertragen
"RI III,2,3 n. 1015",brechen
"RI III,2,3 n. 1016",treffen
"RI III,2,3 n. 1017",ernennen
"RI III,2,3 n. 1018",begehen
"RI III,2,3 n. 1019",entsenden
"RI III,2,3 n. 1020",treffen
"RI III,2,3 n. 1021",werden
"RI III,2,3 n. 1022",werden
"RI III,2,3 n. 1023",treffen
"RI III,2,3 n. 1024",werden
"RI III,2,3 n. 1025",schenken
"RI III,2,3 n. 1026",beklagen
"RI III,2,3 n. 1027",übergeben
"RI III,2,3 n. 1028",überschreiten
"RI III,2,3 n. 1029",feiern
"RI III,2,3 n. 1030",werden
"RI III,2,3 n. 1031",erlassen
"RI III,2,3 n. 1032",erlassen
"RI III,2,3 n. 1033",knüpfen
"RI III,2,3 n. 1034",versuchen
"RI III,2,3 n. 1036",überqueren
"RI III,2,3 n. 1037",restituieren
"RI III,2,3 n. 1038",versichern
"RI III,2,3 n. 1039",treffen
"RI III,2,3 n. 1040",feiern
"RI III,2,3 n. 1041",bestätigen
"RI III,2,3 n. 1042",sichern
"RI III,2,3 n. 1043",empfangen
"RI III,2,3 n. 1044",verlassen
"RI III,2,3 n. 1045",bestätigen
"RI III,2,3 n. 1046",bestätigen
"RI III,2,3 n. 1047",belehnen
"RI III,2,3 n. 1048",verleihen
"RI III,2,3 n. 1049",verleihen
"RI III,2,3 n. 1050",erklären
"RI III,2,3 n. 1051",investieren
"RI III,2,3 n. 1052",nehmen
"RI III,2,3 n. 1053",versuchen
"RI III,2,3 n. 1054",sichern
"RI III,2,3 n. 1055",gehen
"RI III,2,3 n. 1056",werden
"RI III,2,3 n. 1057",nehmen
"RI III,2,3 n. 1058",entziehen
"RI III,2,3 n. 1059",begehen
"RI III,2,3 n. 1061",verwüsten
"RI III,2,3 n. 1062",treffen
"RI III,2,3 n. 1063",beginnen
"RI III,2,3 n. 1064",fordern
"RI III,2,3 n. 1065",befehlen
"RI III,2,3 n. 1066",beginnen
"RI III,2,3 n. 1067",werden
"RI III,2,3 n. 1068",erhalten
"RI III,2,3 n. 1069",gehen
"RI III,2,3 n. 1070",befehlen
"RI III,2,3 n. 1071",fordern
"RI III,2,3 n. 1072",feiern
"RI III,2,3 n. 1073",bestätigen
"RI III,2,3 n. 1074",bestätigen
"RI III,2,3 n. 1075",verleihen
"RI III,2,3 n. 1076",erobern
"RI III,2,3 n. 1077",empfangen
"RI III,2,3 n. 1078",werden
"RI III,2,3 n. 1079",nehmen
"RI III,2,3 n. 1080",nehmen
"RI III,2,3 n. 1081",empfangen
"RI III,2,3 n. 1082",zeihen|ziehen
"RI III,2,3 n. 1083",nehmen
"RI III,2,3 n. 1084",wiederholen
"RI III,2,3 n. 1085",werden
"RI III,2,3 n. 1086",entsenden
"RI III,2,3 n. 1087",erobern
"RI III,2,3 n. 1088",gehen
"RI III,2,3 n. 1089",treffen
"RI III,2,3 n. 1090",werden
"RI III,2,3 n. 1091",werden
"RI III,2,3 n. 1092",erwähnen
"RI III,2,3 n. 1093",überschreiten
"RI III,2,3 n. 1094",empfangen
"RI III,2,3 n. 1095",bestätigen
"RI III,2,3 n. 1096",empfangen
"RI III,2,3 n. 1097",erscheinen
"RI III,2,3 n. 1098",unternehmen
"RI III,2,3 n. 1099",feiern
"RI III,2,3 n. 11",werden
"RI III,2,3 n. 110",werden
"RI III,2,3 n. 1100",schlagen
"RI III,2,3 n. 1101",verzichten
"RI III,2,3 n. 1102",erobern
"RI III,2,3 n. 1103",nehmen
"RI III,2,3 n. 1104",schenken
"RI III,2,3 n. 1105",schenken
"RI III,2,3 n. 1106",wohnen
"RI III,2,3 n. 1107",entlassen
"RI III,2,3 n. 1109",lassen
"RI III,2,3 n. 1110",verlassen
"RI III,2,3 n. 1111",bestätigen
"RI III,2,3 n. 1112",schenken
"RI III,2,3 n. 1113",empfangen
"RI III,2,3 n. 1114",werden
"RI III,2,3 n. 1115",laden
"RI III,2,3 n. 1116",belagern
"RI III,2,3 n. 1117",empfangen
"RI III,2,3 n. 1118",begeben
"RI III,2,3 n. 1119",befehlen
"RI III,2,3 n. 1120",lassen
"RI III,2,3 n. 1121",verursachen
"RI III,2,3 n. 1122",treffen
"RI III,2,3 n. 1123",verleihen
"RI III,2,3 n. 1124",erneuen
"RI III,2,3 n. 1125",versperren
"RI III,2,3 n. 1126",werden
"RI III,2,3 n. 1127",bestätigen
"RI III,2,3 n. 1128",feiern
"RI III,2,3 n. 1129",versuchen
"RI III,2,3 n. 113",stoßen
"RI III,2,3 n. 1130",schenken
"RI III,2,3 n. 1131",empfangen
"RI III,2,3 n. 1132",brechen
"RI III,2,3 n. 1133",beschließen
"RI III,2,3 n. 1134",werden
"RI III,2,3 n. 1135",empfangen
"RI III,2,3 n. 1136",schlagen
"RI III,2,3 n. 1137",zeihen|ziehen
"RI III,2,3 n. 1138",schenken
"RI III,2,3 n. 1139",tagen
"RI III,2,3 n. 114",haben
"RI III,2,3 n. 1140",werden
"RI III,2,3 n. 1141",erteilen
"RI III,2,3 n. 1142",werden
"RI III,2,3 n. 1143",lassen
"RI III,2,3 n. 1144",stellen
"RI III,2,3 n. 1145",entgehen
"RI III,2,3 n. 1146",restituieren
"RI III,2,3 n. 1147",erhalten
"RI III,2,3 n. 1148",ernennen
"RI III,2,3 n. 1149",beschließen
"RI III,2,3 n. 1150",verlassen
"RI III,2,3 n. 1151",nehmen
"RI III,2,3 n. 1152",ernennen
"RI III,2,3 n. 1153",verleihen
"RI III,2,3 n. 1154",gestatten
"RI III,2,3 n. 1155",übertragen
"RI III,2,3 n. 1156",investieren
"RI III,2,3 n. 1157",nehmen
"RI III,2,3 n. 1158",schenken
"RI III,2,3 n. 1159",übertragen
"RI III,2,3 n. 116",werden
"RI III,2,3 n. 1160",übertragen
"RI III,2,3 n. 1161",verleihen
"RI III,2,3 n. 1162",nehmen
"RI III,2,3 n. 1163",erhalten
"RI III,2,3 n. 1165",bestätigen
"RI III,2,3 n. 1167",werden
"RI III,2,3 n. 1168",nehmen
"RI III,2,3 n. 1169",schenken
"RI III,2,3 n. 117",werden
"RI III,2,3 n. 1170",stellen
"RI III,2,3 n. 1171",werden
"RI III,2,3 n. 1172",werden
"RI III,2,3 n. 1173",zeihen|ziehen
"RI III,2,3 n. 1174",nehmen
"RI III,2,3 n. 1175",zeihen|ziehen
"RI III,2,3 n. 1176",begeben
"RI III,2,3 n. 1177",ernennen
"RI III,2,3 n. 1178",restituieren
"RI III,2,3 n. 1179",erscheinen
"RI III,2,3 n. 1180",bestätigen
"RI III,2,3 n. 1181",werden
"RI III,2,3 n. 1182",bestätigen
"RI III,2,3 n. 1183",treffen
"RI III,2,3 n. 1184",begehen
"RI III,2,3 n. 1185",ernennen
"RI III,2,3 n. 1186",treffen
"RI III,2,3 n. 1187",treffen
"RI III,2,3 n. 1189",treffen
"RI III,2,3 n. 1190",schenken
"RI III,2,3 n. 1191",sammeln
"RI III,2,3 n. 1192",laden
"RI III,2,3 n. 1193",feiern
"RI III,2,3 n. 1196",beurkunden
"RI III,2,3 n. 1197",ernennen
"RI III,2,3 n. 1198",setzen
"RI III,2,3 n. 1199",ernennen
"RI III,2,3 n. 1200",ernennen
"RI III,2,3 n. 1201",schenken
"RI III,2,3 n. 1202",beurkunden
"RI III,2,3 n. 1203",setzen
"RI III,2,3 n. 1204",bestätigen
"RI III,2,3 n. 1205",unternehmen
"RI III,2,3 n. 1206",lagern
"RI III,2,3 n. 1207",wohnen
"RI III,2,3 n. 1208",ernennen
"RI III,2,3 n. 1209",ernennen
"RI III,2,3 n. 121",bleiben
"RI III,2,3 n. 1210",ernennen
"RI III,2,3 n. 1211",entlassen
"RI III,2,3 n. 1212",gewähren
"RI III,2,3 n. 1213",gewähren
"RI III,2,3 n. 1214",müssen
"RI III,2,3 n. 1215",erhalten
"RI III,2,3 n. 1216",bestätigen
"RI III,2,3 n. 1217",lassen
"RI III,2,3 n. 1218",begeben
"RI III,2,3 n. 1219",ernennen
"RI III,2,3 n. 122",vermitteln
"RI III,2,3 n. 1220",ernennen
"RI III,2,3 n. 1221",begehen
"RI III,2,3 n. 1222",schenken
"RI III,2,3 n. 1223",schenken
"RI III,2,3 n. 1224",begehen
"RI III,2,3 n. 1225",schenken
"RI III,2,3 n. 1226",schenken
"RI III,2,3 n. 1227",schenken
"RI III,2,3 n. 1228",schenken
"RI III,2,3 n. 1229",schenken
"RI III,2,3 n. 1230",schenken
"RI III,2,3 n. 1231",bieten
"RI III,2,3 n. 1232",schenken
"RI III,2,3 n. 1233",brechen
"RI III,2,3 n. 1234",verleihen
"RI III,2,3 n. 1235",zeihen|ziehen
"RI III,2,3 n. 1236",besetzen
"RI III,2,3 n. 1237",machen
"RI III,2,3 n. 1238",verleihen
"RI III,2,3 n. 1239",begehen
"RI III,2,3 n. 124",ernennen
"RI III,2,3 n. 1240",schenken
"RI III,2,3 n. 1241",bestätigen
"RI III,2,3 n. 1242",halten
"RI III,2,3 n. 1243",kämpfen
"RI III,2,3 n. 1244",gestatten
"RI III,2,3 n. 1245",schenken
"RI III,2,3 n. 1246",verleihen
"RI III,2,3 n. 1247",investieren
"RI III,2,3 n. 1248",bestätigen
"RI III,2,3 n. 1249",zeihen|ziehen
"RI III,2,3 n. 1250",unterliegen
"RI III,2,3 n. 1251",erobern
"RI III,2,3 n. 1252",machen
"RI III,2,3 n. 1253",belagern
"RI III,2,3 n. 1254",müssen
"RI III,2,3 n. 1255",werden
"RI III,2,3 n. 1256",werden
"RI III,2,3 n. 1257",bleiben
"RI III,2,3 n. 1258",begehen
"RI III,2,3 n. 1259",beurkunden
"RI III,2,3 n. 126",werden
"RI III,2,3 n. 1260",bestätigen
"RI III,2,3 n. 1261",werden
"RI III,2,3 n. 1262",verleihen
"RI III,2,3 n. 1263",schenken
"RI III,2,3 n. 1264",lehnen
"RI III,2,3 n. 1265",senden
"RI III,2,3 n. 1266",restituieren
"RI III,2,3 n. 1267",brechen
"RI III,2,3 n. 1268",zeihen|ziehen
"RI III,2,3 n. 1269",begeben
"RI III,2,3 n. 127",bestätigen
"RI III,2,3 n. 1270",sterben
"RI III,2,3 n. 1271",investieren
"RI III,2,3 n. 1273",werden
"RI III,2,3 n. 1274",begehen
"RI III,2,3 n. 1275",bestätigen
"RI III,2,3 n. 1276",schenken
"RI III,2,3 n. 1277",schließen
"RI III,2,3 n. 1278",nehmen
"RI III,2,3 n. 1279",verloben
"RI III,2,3 n. 1280",halten
"RI III,2,3 n. 1281",schenken
"RI III,2,3 n. 1282",belagern
"RI III,2,3 n. 1283",beordern
"RI III,2,3 n. 1284",erlauben
"RI III,2,3 n. 1285",werden
"RI III,2,3 n. 1286",unterliegen
"RI III,2,3 n. 1287",geben
"RI III,2,3 n. 1288",befehlen
"RI III,2,3 n. 1289",bestätigen
"RI III,2,3 n. 129",begehen
"RI III,2,3 n. 1290",verleihen
"RI III,2,3 n. 1291",nehmen
"RI III,2,3 n. 1292",schenken
"RI III,2,3 n. 1293",bestätigen
"RI III,2,3 n. 1295",werden
"RI III,2,3 n. 1296",empfangen
"RI III,2,3 n. 1297",erheben
"RI III,2,3 n. 1298",übertragen
"RI III,2,3 n. 1299",setzen
"RI III,2,3 n. 13",werden
"RI III,2,3 n. 1300",setzen
"RI III,2,3 n. 1301",vermählen
"RI III,2,3 n. 1302",bestätigen
"RI III,2,3 n. 1304",schenken
"RI III,2,3 n. 1305",unternehmen
"RI III,2,3 n. 1306",entziehen
"RI III,2,3 n. 1307",bestätigen
"RI III,2,3 n. 1308",bestätigen
"RI III,2,3 n. 1309",verhandeln
"RI III,2,3 n. 1310",begehen
"RI III,2,3 n. 1312",werden
"RI III,2,3 n. 1313",schenken
"RI III,2,3 n. 1314",nehmen
"RI III,2,3 n. 1315",stellen
"RI III,2,3 n. 1316",verhandeln
"RI III,2,3 n. 1317",investieren
"RI III,2,3 n. 1318",brechen
"RI III,2,3 n. 1319",bestätigen
"RI III,2,3 n. 132",werden
"RI III,2,3 n. 1320",werden
"RI III,2,3 n. 1321",bestätigen
"RI III,2,3 n. 1322",werden
"RI III,2,3 n. 1324",begehen
"RI III,2,3 n. 1325",setzen
"RI III,2,3 n. 1326",werden
"RI III,2,3 n. 1327",investieren
"RI III,2,3 n. 1328",verwenden
"RI III,2,3 n. 1329",werden
"RI III,2,3 n. 1330",bestätigen
"RI III,2,3 n. 1331",ernennen
"RI III,2,3 n. 1332",werden
"RI III,2,3 n. 1333",begehen
"RI III,2,3 n. 1334",restituieren
"RI III,2,3 n. 1335",werden
"RI III,2,3 n. 1336",schenken
"RI III,2,3 n. 1337",sagen
"RI III,2,3 n. 1338",bestätigen
"RI III,2,3 n. 1339",bestätigen
"RI III,2,3 n. 1340",verleihen
"RI III,2,3 n. 1341",lehnen
"RI III,2,3 n. 1342",schenken
"RI III,2,3 n. 1343",bestätigen
"RI III,2,3 n. 1344",erobern
"RI III,2,3 n. 1345",schenken
"RI III,2,3 n. 1346",bestätigen
"RI III,2,3 n. 1347",ernennen
"RI III,2,3 n. 1348",schenken
"RI III,2,3 n. 1349",begeben
"RI III,2,3 n. 135",begehen
"RI III,2,3 n. 1350",sterben
"RI III,2,3 n. 1351",vereinbaren
"RI III,2,3 n. 1352",begehen
"RI III,2,3 n. 1353",empfangen
"RI III,2,3 n. 1354",entsenden
"RI III,2,3 n. 1355",begehen
"RI III,2,3 n. 1356",begehen
"RI III,2,3 n. 1357",zeihen|ziehen
"RI III,2,3 n. 1358",verwüsten
"RI III,2,3 n. 1359",nehmen
"RI III,2,3 n. 136",begehen
"RI III,2,3 n. 1361",brechen
"RI III,2,3 n. 1362",setzen
"RI III,2,3 n. 1363",verlieren
"RI III,2,3 n. 1364",verleihen
"RI III,2,3 n. 1365",begehen
"RI III,2,3 n. 1366",investieren
"RI III,2,3 n. 1367",wenden
"RI III,2,3 n. 1368",nehmen
"RI III,2,3 n. 1369",schenken
"RI III,2,3 n. 137",kommen
"RI III,2,3 n. 1370",schenken
"RI III,2,3 n. 1371",restituieren
"RI III,2,3 n. 1372",bestätigen
"RI III,2,3 n. 1373",bestätigen
"RI III,2,3 n. 1374",schenken
"RI III,2,3 n. 1375",bestätigen
"RI III,2,3 n. 1376",schenken
"RI III,2,3 n. 1377",schenken
"RI III,2,3 n. 1378",gestatten
"RI III,2,3 n. 1379",begehen
"RI III,2,3 n. 1380",zurücklassen
"RI III,2,3 n. 1381",bestätigen
"RI III,2,3 n. 1383",verleihen
"RI III,2,3 n. 1384",schenken
"RI III,2,3 n. 1385",werden
"RI III,2,3 n. 1386",schenken
"RI III,2,3 n. 1387",werden
"RI III,2,3 n. 1388",erneuern
"RI III,2,3 n. 1389",bestätigen
"RI III,2,3 n. 1390",bestätigen
"RI III,2,3 n. 1391",nehmen
"RI III,2,3 n. 1392",wollen
"RI III,2,3 n. 1393",bestätigen
"RI III,2,3 n. 1394",bestätigen
"RI III,2,3 n. 1395",senden
"RI III,2,3 n. 1396",erneuern
"RI III,2,3 n. 1397",beurkunden
"RI III,2,3 n. 1398",nehmen
"RI III,2,3 n. 1399",vergeben
"RI III,2,3 n. 14",erhalten
"RI III,2,3 n. 1400",danken
"RI III,2,3 n. 1401",bekennen
"RI III,2,3 n. 1402",erhalten
"RI III,2,3 n. 1403",empfangen
"RI III,2,3 n. 1404",kehren
"RI III,2,3 n. 1405",schenken
"RI III,2,3 n. 1406",begehen
"RI III,2,3 n. 1407",werden
"RI III,2,3 n. 1408",schenken
"RI III,2,3 n. 1409",gestatten
"RI III,2,3 n. 1410",verleihen
"RI III,2,3 n. 1411",nehmen
"RI III,2,3 n. 1412",bestätigen
"RI III,2,3 n. 1413",verleihen
"RI III,2,3 n. 1414",zeihen|ziehen
"RI III,2,3 n. 1415",setzen
"RI III,2,3 n. 1416",senden
"RI III,2,3 n. 1417",verhandeln
"RI III,2,3 n. 1418",begehen
"RI III,2,3 n. 1419",bestellen
"RI III,2,3 n. 1420",senden
"RI III,2,3 n. 1421",werden
"RI III,2,3 n. 1422",schenken
"RI III,2,3 n. 1423",beglaubigen
"RI III,2,3 n. 1424",investieren
"RI III,2,3 n. 1425",nehmen
"RI III,2,3 n. 1426",enterben
"RI III,2,3 n. 1427",untersuchen
"RI III,2,3 n. 1428",bestätigen
"RI III,2,3 n. 1429",bestätigen
"RI III,2,3 n. 143",werden
"RI III,2,3 n. 1430",begehen
"RI III,2,3 n. 1431",lassen
"RI III,2,3 n. 1432",belehnen
"RI III,2,3 n. 1433",begehen
"RI III,2,3 n. 1434",entsenden
"RI III,2,3 n. 1435",designieren
"RI III,2,3 n. 1436",restituieren
"RI III,2,3 n. 1437",begehen
"RI III,2,3 n. 1438",geben
"RI III,2,3 n. 1439",begehen
"RI III,2,3 n. 1440",bitten
"RI III,2,3 n. 1441",ernennen
"RI III,2,3 n. 1442",verleihen
"RI III,2,3 n. 1443",begehen
"RI III,2,3 n. 1444",befehlen
"RI III,2,3 n. 1445",laden
"RI III,2,3 n. 1446",gestatten
"RI III,2,3 n. 1447",werden
"RI III,2,3 n. 1448",begehen
"RI III,2,3 n. 1449",belehnen
"RI III,2,3 n. 145",begeben
"RI III,2,3 n. 1450",restituieren
"RI III,2,3 n. 1451",bestätigen
"RI III,2,3 n. 1452",begehen
"RI III,2,3 n. 1453",bestätigen
"RI III,2,3 n. 1455",setzen
"RI III,2,3 n. 1456",beginnen
"RI III,2,3 n. 1457",entsenden
"RI III,2,3 n. 1458",lassen
"RI III,2,3 n. 1459",restituieren
"RI III,2,3 n. 1460",restituieren
"RI III,2,3 n. 1461",beurkunden
"RI III,2,3 n. 1462",belehnen
"RI III,2,3 n. 1463",schenken
"RI III,2,3 n. 1464",werden
"RI III,2,3 n. 1465",begehen
"RI III,2,3 n. 1466",ernennen
"RI III,2,3 n. 1467",werden
"RI III,2,3 n. 1468",bestätigen
"RI III,2,3 n. 1469",führen
"RI III,2,3 n. 1470",setzen
"RI III,2,3 n. 1471",übertragen
"RI III,2,3 n. 1473",schenken
"RI III,2,3 n. 1474",werden
"RI III,2,3 n. 1475",zeihen|ziehen
"RI III,2,3 n. 1476",erklären
"RI III,2,3 n. 1477",bitten
"RI III,2,3 n. 1478",bitten
"RI III,2,3 n. 1479",bitten
"RI III,2,3 n. 1480",bitten
"RI III,2,3 n. 1481",werden
"RI III,2,3 n. 1482",begehen
"RI III,2,3 n. 1483",verkünden
"RI III,2,3 n. 1484",sein
"RI III,2,3 n. 1485",gratulieren
"RI III,2,3 n. 1486",nehmen
"RI III,2,3 n. 1487",feiern
"RI III,2,3 n. 1488",untersagen
"RI III,2,3 n. 1489",bestätigen
"RI III,2,3 n. 1490",schenken
"RI III,2,3 n. 1491",schenken
"RI III,2,3 n. 1492",schenken
"RI III,2,3 n. 1493",begehen
"RI III,2,3 n. 1494",werden
"RI III,2,3 n. 1495",fordern
"RI III,2,3 n. 1496",leisten
"RI III,2,3 n. 1497",werden
"RI III,2,3 n. 1498",werden
"RI III,2,3 n. 1499",restituieren
"RI III,2,3 n. 15",folgen
"RI III,2,3 n. 1500",begehen
"RI III,2,3 n. 1501",begehen
"RI III,2,3 n. 1502",bestätigen
"RI III,2,3 n. 1503",erlassen
"RI III,2,3 n. 1504",bestätigen
"RI III,2,3 n. 1505",brechen
"RI III,2,3 n. 1506",wenden
"RI III,2,3 n. 1507",begehen
"RI III,2,3 n. 1508",entsenden
"RI III,2,3 n. 1509",bestätigen
"RI III,2,3 n. 1510",ernennen
"RI III,2,3 n. 1511",begehen
"RI III,2,3 n. 1512",sehen
"RI III,2,3 n. 1513",trennen
"RI III,2,3 n. 1514",beklagen
"RI III,2,3 n. 1515",brechen
"RI III,2,3 n. 1516",nehmen
"RI III,2,3 n. 1517",fordern
"RI III,2,3 n. 1518",wenden
"RI III,2,3 n. 1519",werden
"RI III,2,3 n. 1520",brechen
"RI III,2,3 n. 1521",nehmen
"RI III,2,3 n. 1522",setzen
"RI III,2,3 n. 1523",stehen
"RI III,2,3 n. 1524",verlassen
"RI III,2,3 n. 1525",brechen
"RI III,2,3 n. 1526",senden
"RI III,2,3 n. 1527",schenken
"RI III,2,3 n. 1528",schenken
"RI III,2,3 n. 1529",brechen
"RI III,2,3 n. 1530",treffen
"RI III,2,3 n. 1531",werden
"RI III,2,3 n. 1532",verbringen
"RI III,2,3 n. 1533",werden
"RI III,2,3 n. 1534",übertragen
"RI III,2,3 n. 1535",danken
"RI III,2,3 n. 1536",übergeben
"RI III,2,3 n. 1537",investieren
"RI III,2,3 n. 1538",erklären
"RI III,2,3 n. 1539",übertragen
"RI III,2,3 n. 1540",restituieren
"RI III,2,3 n. 1541",mahnen
"RI III,2,3 n. 1542",errichten
"RI III,2,3 n. 1543",bestätigen
"RI III,2,3 n. 1544",geben
"RI III,2,3 n. 1545",verleihen
"RI III,2,3 n. 1546",bestätigen
"RI III,2,3 n. 1547",bestätigen
"RI III,2,3 n. 1548",bestätigen
"RI III,2,3 n. 1549",übergeben
"RI III,2,3 n. 155",begehen
"RI III,2,3 n. 1550",sichern
"RI III,2,3 n. 1551",bestätigen
"RI III,2,3 n. 1552",gewähren
"RI III,2,3 n. 1553",fliehen
"RI III,2,3 n. 1554",schildern
"RI III,2,3 n. 1555",zeihen|ziehen
"RI III,2,3 n. 1556",setzen
"RI III,2,3 n. 1557",setzen
"RI III,2,3 n. 1558",bitten
"RI III,2,3 n. 1559",nehmen
"RI III,2,3 n. 156",bestätigen
"RI III,2,3 n. 1560",versichern
"RI III,2,3 n. 1561",begehen
"RI III,2,3 n. 1562",klagen
"RI III,2,3 n. 1563",leisten
"RI III,2,3 n. 1564",beklagen
"RI III,2,3 n. 1565",klagen
"RI III,2,3 n. 1567",schicken
"RI III,2,3 n. 1568",erhalten
"RI III,2,3 n. 1569",senden
"RI III,2,3 n. 157",beraten
"RI III,2,3 n. 1570",erklären
"RI III,2,3 n. 1571",empfangen
"RI III,2,3 n. 1572",sterben
"RI III,2,3 n. 16",intervenieren
"RI III,2,3 n. 163",begehen
"RI III,2,3 n. 164",bestätigen
"RI III,2,3 n. 167",begehen
"RI III,2,3 n. 17",intervenieren
"RI III,2,3 n. 170",erleiden
"RI III,2,3 n. 173",schenken
"RI III,2,3 n. 177",halten
"RI III,2,3 n. 178",begeben
"RI III,2,3 n. 18",werden
"RI III,2,3 n. 181",werden
"RI III,2,3 n. 182",begehen
"RI III,2,3 n. 183",haben
"RI III,2,3 n. 184",verleihen
"RI III,2,3 n. 185",erbitten
"RI III,2,3 n. 186",begeben
"RI III,2,3 n. 187",übertragen
"RI III,2,3 n. 188",übertragen
"RI III,2,3 n. 189",begehen
"RI III,2,3 n. 19",werden
"RI III,2,3 n. 190",dauern
"RI III,2,3 n. 191",nehmen
"RI III,2,3 n. 194",schenken
"RI III,2,3 n. 195",sterben
"RI III,2,3 n. 196",verleihen
"RI III,2,3 n. 2",lassen
"RI III,2,3 n. 20",intervenieren
"RI III,2,3 n. 200",richten
"RI III,2,3 n. 201",schicken
"RI III,2,3 n. 202",fassen
"RI III,2,3 n. 204",begehen
"RI III,2,3 n. 205",erhalten
"RI III,2,3 n. 206",ausbrechen
"RI III,2,3 n. 207",begeben
"RI III,2,3 n. 208",erhalten
"RI III,2,3 n. 21",werden
"RI III,2,3 n. 211",schicken
"RI III,2,3 n. 212",verhalten
"RI III,2,3 n. 213",erhalten
"RI III,2,3 n. 214",leisten
"RI III,2,3 n. 218",verurteilen
"RI III,2,3 n. 219",werden
"RI III,2,3 n. 220",halten
"RI III,2,3 n. 221",entbrennen
"RI III,2,3 n. 223",schenken
"RI III,2,3 n. 225",richten
"RI III,2,3 n. 226",erklären
"RI III,2,3 n. 227",werden
"RI III,2,3 n. 228",werden
"RI III,2,3 n. 23",werden
"RI III,2,3 n. 231",nehmen
"RI III,2,3 n. 234",belagern
"RI III,2,3 n. 235",erteilen
"RI III,2,3 n. 236",begehen
"RI III,2,3 n. 237",fordern
"RI III,2,3 n. 238",werden
"RI III,2,3 n. 239",kommen
"RI III,2,3 n. 24",intervenieren
"RI III,2,3 n. 242",bestätigen
"RI III,2,3 n. 248",werden
"RI III,2,3 n. 249",begehen
"RI III,2,3 n. 25",werden
"RI III,2,3 n. 250",unternehmen
"RI III,2,3 n. 251",kommen
"RI III,2,3 n. 252",werden
"RI III,2,3 n. 253",verzichten
"RI III,2,3 n. 254",bitten
"RI III,2,3 n. 255",übernehmen
"RI III,2,3 n. 256",verleihen
"RI III,2,3 n. 258",wünschen
"RI III,2,3 n. 259",führen
"RI III,2,3 n. 26",werden
"RI III,2,3 n. 260",begehen
"RI III,2,3 n. 267",weigern
"RI III,2,3 n. 269",werden
"RI III,2,3 n. 27",werden
"RI III,2,3 n. 275",werden
"RI III,2,3 n. 276",begehen
"RI III,2,3 n. 277",werden
"RI III,2,3 n. 278",fordern
"RI III,2,3 n. 279",erhalten
"RI III,2,3 n. 28",intervenieren
"RI III,2,3 n. 282",vermag
"RI III,2,3 n. 283",begehen
"RI III,2,3 n. 285",begehen
"RI III,2,3 n. 287",treten
"RI III,2,3 n. 29",werden
"RI III,2,3 n. 290",werden
"RI III,2,3 n. 291",werden
"RI III,2,3 n. 292",teilnehmen
"RI III,2,3 n. 293",richten
"RI III,2,3 n. 294",ordnen
"RI III,2,3 n. 3",folgen
"RI III,2,3 n. 30",übertragen
"RI III,2,3 n. 300",richten
"RI III,2,3 n. 303",schicken
"RI III,2,3 n. 306",ersuchen
"RI III,2,3 n. 307",werden
"RI III,2,3 n. 308",erhalten
"RI III,2,3 n. 31",intervenieren
"RI III,2,3 n. 312",bestätigen
"RI III,2,3 n. 313",halten
"RI III,2,3 n. 314",fallen|gefallen
"RI III,2,3 n. 315",begehen
"RI III,2,3 n. 317",sagen
"RI III,2,3 n. 319",kommen
"RI III,2,3 n. 32",werden
"RI III,2,3 n. 322",schenken
"RI III,2,3 n. 324",begehen
"RI III,2,3 n. 327",lassen
"RI III,2,3 n. 33",werden
"RI III,2,3 n. 330",begehen
"RI III,2,3 n. 334",begeben
"RI III,2,3 n. 336",versuchen
"RI III,2,3 n. 34",werden
"RI III,2,3 n. 344",verleihen
"RI III,2,3 n. 345",werden
"RI III,2,3 n. 347",erteilen
"RI III,2,3 n. 35",werden
"RI III,2,3 n. 351",brechen
"RI III,2,3 n. 354",begehen
"RI III,2,3 n. 355",werden
"RI III,2,3 n. 356",werden
"RI III,2,3 n. 358",befinden
"RI III,2,3 n. 359",begehen
"RI III,2,3 n. 36",werden
"RI III,2,3 n. 360",werden
"RI III,2,3 n. 361",werden
"RI III,2,3 n. 362",beginnen
"RI III,2,3 n. 363",ernennen
"RI III,2,3 n. 364",schenken
"RI III,2,3 n. 365",schenken
"RI III,2,3 n. 366",schenken
"RI III,2,3 n. 367",schenken
"RI III,2,3 n. 368",schenken
"RI III,2,3 n. 369",bestätigen
"RI III,2,3 n. 37",werden
"RI III,2,3 n. 370",schenken
"RI III,2,3 n. 371",beglaubigen
"RI III,2,3 n. 372",schenken
"RI III,2,3 n. 373",empfangen
"RI III,2,3 n. 374",bestätigen
"RI III,2,3 n. 375",erhalten
"RI III,2,3 n. 376",begehen
"RI III,2,3 n. 377",verschieben
"RI III,2,3 n. 378",werden
"RI III,2,3 n. 379",restituieren
"RI III,2,3 n. 38",werden
"RI III,2,3 n. 380",verleihen
"RI III,2,3 n. 381",verleihen
"RI III,2,3 n. 382",schenken
"RI III,2,3 n. 383",befreien
"RI III,2,3 n. 384",werden
"RI III,2,3 n. 385",bestätigen
"RI III,2,3 n. 386",schenken
"RI III,2,3 n. 387",laden
"RI III,2,3 n. 388",übertragen
"RI III,2,3 n. 389",übertragen
"RI III,2,3 n. 39",werden
"RI III,2,3 n. 390",bestimmen
"RI III,2,3 n. 391",wohnen
"RI III,2,3 n. 392",bestätigen
"RI III,2,3 n. 393",halten
"RI III,2,3 n. 394",verleihen
"RI III,2,3 n. 395",verleihen
"RI III,2,3 n. 396",bestätigen
"RI III,2,3 n. 397",erneuern
"RI III,2,3 n. 398",bestätigen
"RI III,2,3 n. 399",verleihen
"RI III,2,3 n. 4",folgen
"RI III,2,3 n. 40",werden
"RI III,2,3 n. 400",verleihen
"RI III,2,3 n. 401",verleihen
"RI III,2,3 n. 403",schenken
"RI III,2,3 n. 404",schenken
"RI III,2,3 n. 405",finden
"RI III,2,3 n. 406",fordern
"RI III,2,3 n. 407",verlassen
"RI III,2,3 n. 408",verlegen
"RI III,2,3 n. 409",schenken
"RI III,2,3 n. 41",werden
"RI III,2,3 n. 410",schenken
"RI III,2,3 n. 411",schenken
"RI III,2,3 n. 412",schenken
"RI III,2,3 n. 413",übertragen
"RI III,2,3 n. 414",schenken
"RI III,2,3 n. 415",schenken
"RI III,2,3 n. 416",erlassen
"RI III,2,3 n. 417",fordern
"RI III,2,3 n. 418",unterstellen
"RI III,2,3 n. 419",schenken
"RI III,2,3 n. 42",werden
"RI III,2,3 n. 420",schenken
"RI III,2,3 n. 421",werden
"RI III,2,3 n. 422",gewähren
"RI III,2,3 n. 423",weisen
"RI III,2,3 n. 424",warnen
"RI III,2,3 n. 425",bestätigen
"RI III,2,3 n. 426",schenken
"RI III,2,3 n. 427",beziehen
"RI III,2,3 n. 428",fordern
"RI III,2,3 n. 429",entbinden
"RI III,2,3 n. 43",werden
"RI III,2,3 n. 430",begehen
"RI III,2,3 n. 431",werden
"RI III,2,3 n. 432",werden
"RI III,2,3 n. 433",fordern
"RI III,2,3 n. 434",machen
"RI III,2,3 n. 435",bestätigen
"RI III,2,3 n. 436",bestätigen
"RI III,2,3 n. 437",versprechen
"RI III,2,3 n. 438",begehen
"RI III,2,3 n. 44",werden
"RI III,2,3 n. 441",ernennen
"RI III,2,3 n. 442",ernennen
"RI III,2,3 n. 443",werden
"RI III,2,3 n. 444",begehen
"RI III,2,3 n. 445",bestätigen
"RI III,2,3 n. 446",werden
"RI III,2,3 n. 447",schenken
"RI III,2,3 n. 448",vermählen
"RI III,2,3 n. 449",bestätigen
"RI III,2,3 n. 45",werden
"RI III,2,3 n. 450",bestellen
"RI III,2,3 n. 451",halten
"RI III,2,3 n. 452",bestätigen
"RI III,2,3 n. 453",schenken
"RI III,2,3 n. 454",übertragen
"RI III,2,3 n. 455",schenken
"RI III,2,3 n. 456",schenken
"RI III,2,3 n. 457",erhalten
"RI III,2,3 n. 458",begehen
"RI III,2,3 n. 459",werden
"RI III,2,3 n. 46",intervenieren
"RI III,2,3 n. 461",werden
"RI III,2,3 n. 462",gewähren
"RI III,2,3 n. 463",treffen
"RI III,2,3 n. 464",unternehmen
"RI III,2,3 n. 465",ernennen
"RI III,2,3 n. 466",schenken
"RI III,2,3 n. 467",schenken
"RI III,2,3 n. 468",schenken
"RI III,2,3 n. 469",bestätigen
"RI III,2,3 n. 47",werden
"RI III,2,3 n. 470",gestatten
"RI III,2,3 n. 471",ernennen
"RI III,2,3 n. 472",begehen
"RI III,2,3 n. 473",bestätigen
"RI III,2,3 n. 474",geben
"RI III,2,3 n. 475",verleihen
"RI III,2,3 n. 476",bestätigen
"RI III,2,3 n. 477",bestätigen
"RI III,2,3 n. 478",erheben
"RI III,2,3 n. 479",verleihen
"RI III,2,3 n. 48",intervenieren
"RI III,2,3 n. 480",schenken
"RI III,2,3 n. 481",schenken
"RI III,2,3 n. 482",schenken
"RI III,2,3 n. 483",schenken
"RI III,2,3 n. 484",schenken
"RI III,2,3 n. 485",werden
"RI III,2,3 n. 486",begehen
"RI III,2,3 n. 487",beginnen
"RI III,2,3 n. 488",entsenden
"RI III,2,3 n. 489",halten
"RI III,2,3 n. 49",werden
"RI III,2,3 n. 490",erheben
"RI III,2,3 n. 491",bestätigen
"RI III,2,3 n. 492",schenken
"RI III,2,3 n. 493",empfangen
"RI III,2,3 n. 494",schenken
"RI III,2,3 n. 495",verleihen
"RI III,2,3 n. 496",schenken
"RI III,2,3 n. 497",bestätigen
"RI III,2,3 n. 498",verursachen
"RI III,2,3 n. 499",begehen
"RI III,2,3 n. 5",empfangen
"RI III,2,3 n. 50",intervenieren
"RI III,2,3 n. 500",schenken
"RI III,2,3 n. 501",schenken
"RI III,2,3 n. 502",schenken
"RI III,2,3 n. 503",schenken
"RI III,2,3 n. 504",verleihen
"RI III,2,3 n. 505",schenken
"RI III,2,3 n. 506",ernennen
"RI III,2,3 n. 507",begehen
"RI III,2,3 n. 508",schenken
"RI III,2,3 n. 509",zeihen|ziehen
"RI III,2,3 n. 51",intervenieren
"RI III,2,3 n. 510",nehmen
"RI III,2,3 n. 511",begehen
"RI III,2,3 n. 512",führen
"RI III,2,3 n. 513",restituieren
"RI III,2,3 n. 514",begehen
"RI III,2,3 n. 515",bestätigen
"RI III,2,3 n. 516",bekunden
"RI III,2,3 n. 517",begeben
"RI III,2,3 n. 518",marschieren
"RI III,2,3 n. 519",verleihen
"RI III,2,3 n. 52",intervenieren
"RI III,2,3 n. 520",verleihen
"RI III,2,3 n. 521",empfangen
"RI III,2,3 n. 522",bestätigen
"RI III,2,3 n. 523",setzen
"RI III,2,3 n. 524",gestatten
"RI III,2,3 n. 525",verleihen
"RI III,2,3 n. 526",nehmen
"RI III,2,3 n. 527",nehmen
"RI III,2,3 n. 528",brechen
"RI III,2,3 n. 529",empfangen
"RI III,2,3 n. 53",intervenieren
"RI III,2,3 n. 530",schenken
"RI III,2,3 n. 531",schenken
"RI III,2,3 n. 532",schenken
"RI III,2,3 n. 534",ernennen
"RI III,2,3 n. 535",schenken
"RI III,2,3 n. 536",schenken
"RI III,2,3 n. 537",sterben
"RI III,2,3 n. 538",begehen
"RI III,2,3 n. 539",schenken
"RI III,2,3 n. 54",intervenieren
"RI III,2,3 n. 540",führen
"RI III,2,3 n. 541",entsenden
"RI III,2,3 n. 542",begehen
"RI III,2,3 n. 543",begehen
"RI III,2,3 n. 544",erlassen
"RI III,2,3 n. 545",bestätigen
"RI III,2,3 n. 546",begehen
"RI III,2,3 n. 547",begehen
"RI III,2,3 n. 548",bestätigen
"RI III,2,3 n. 549",laden
"RI III,2,3 n. 55",folgen
"RI III,2,3 n. 550",schenken
"RI III,2,3 n. 551",bestätigen
"RI III,2,3 n. 552",schenken
"RI III,2,3 n. 553",verurteilen
"RI III,2,3 n. 554",bestätigen
"RI III,2,3 n. 555",zeihen|ziehen
"RI III,2,3 n. 556",kehren
"RI III,2,3 n. 557",legen
"RI III,2,3 n. 558",begehen
"RI III,2,3 n. 559",vollziehen
"RI III,2,3 n. 56",intervenieren
"RI III,2,3 n. 560",bereiten
"RI III,2,3 n. 561",zeihen|ziehen
"RI III,2,3 n. 562",haben
"RI III,2,3 n. 563",machen
"RI III,2,3 n. 564",zeihen|ziehen
"RI III,2,3 n. 565",zeihen|ziehen
"RI III,2,3 n. 566",verleihen
"RI III,2,3 n. 567",schenken
"RI III,2,3 n. 568",schenken
"RI III,2,3 n. 569",lassen
"RI III,2,3 n. 57",teilen
"RI III,2,3 n. 570",investieren
"RI III,2,3 n. 571",begehen
"RI III,2,3 n. 572",werden
"RI III,2,3 n. 573",restituieren
"RI III,2,3 n. 574",übertragen
"RI III,2,3 n. 575",schenken
"RI III,2,3 n. 576",begehen
"RI III,2,3 n. 577",wohnen
"RI III,2,3 n. 578",treffen
"RI III,2,3 n. 579",machen
"RI III,2,3 n. 58",intervenieren
"RI III,2,3 n. 580",fortsetzen
"RI III,2,3 n. 581",schenken
"RI III,2,3 n. 582",erhalten
"RI III,2,3 n. 583",vermeiden
"RI III,2,3 n. 584",erheben
"RI III,2,3 n. 585",zitieren
"RI III,2,3 n. 586",mindern
"RI III,2,3 n. 587",schenken
"RI III,2,3 n. 588",schenken
"RI III,2,3 n. 589",begehen
"RI III,2,3 n. 59",intervenieren
"RI III,2,3 n. 590",schenken
"RI III,2,3 n. 591",bestätigen
"RI III,2,3 n. 592",bestätigen
"RI III,2,3 n. 593",bestätigen
"RI III,2,3 n. 594",beurkunden
"RI III,2,3 n. 595",verleihen
"RI III,2,3 n. 596",gestatten
"RI III,2,3 n. 597",verhindern
"RI III,2,3 n. 598",verbringen
"RI III,2,3 n. 599",werden
"RI III,2,3 n. 6",bleiben
"RI III,2,3 n. 60",intervenieren
"RI III,2,3 n. 600",nehmen
"RI III,2,3 n. 601",feiern
"RI III,2,3 n. 602",begehen
"RI III,2,3 n. 603",schenken
"RI III,2,3 n. 604",erhalten
"RI III,2,3 n. 605",begehen
"RI III,2,3 n. 606",begehen
"RI III,2,3 n. 607",nehmen
"RI III,2,3 n. 61",werden
"RI III,2,3 n. 610",treffen
"RI III,2,3 n. 611",nötigen
"RI III,2,3 n. 612",setzen
"RI III,2,3 n. 613",setzen
"RI III,2,3 n. 614",bestätigen
"RI III,2,3 n. 615",bestätigen
"RI III,2,3 n. 616",lassen
"RI III,2,3 n. 617",setzen
"RI III,2,3 n. 618",setzen
"RI III,2,3 n. 619",begehen
"RI III,2,3 n. 62",intervenieren
"RI III,2,3 n. 620",werden
"RI III,2,3 n. 621",bestätigen
"RI III,2,3 n. 622",werden
"RI III,2,3 n. 623",bestätigen
"RI III,2,3 n. 625",werden
"RI III,2,3 n. 626",begehen
"RI III,2,3 n. 627",begehen
"RI III,2,3 n. 628",werden
"RI III,2,3 n. 629",begehen
"RI III,2,3 n. 63",intervenieren
"RI III,2,3 n. 630",sagen
"RI III,2,3 n. 631",bestätigen
"RI III,2,3 n. 632",verleihen
"RI III,2,3 n. 633",verleihen
"RI III,2,3 n. 634",bekunden
"RI III,2,3 n. 635",lassen
"RI III,2,3 n. 636",fühlen
"RI III,2,3 n. 637",weisen
"RI III,2,3 n. 638",entsenden
"RI III,2,3 n. 639",bestätigen
"RI III,2,3 n. 64",intervenieren
"RI III,2,3 n. 640",fahren|führen
"RI III,2,3 n. 641",richten
"RI III,2,3 n. 642",verlagern
"RI III,2,3 n. 643",betonen
"RI III,2,3 n. 644",fordern
"RI III,2,3 n. 645",entkommen
"RI III,2,3 n. 646",treffen
"RI III,2,3 n. 647",werden
"RI III,2,3 n. 648",lassen
"RI III,2,3 n. 649",treffen
"RI III,2,3 n. 65",folgen
"RI III,2,3 n. 650",schicken
"RI III,2,3 n. 651",wenden
"RI III,2,3 n. 652",belagern
"RI III,2,3 n. 653",versuchen
"RI III,2,3 n. 654",begeben
"RI III,2,3 n. 655",kommen
"RI III,2,3 n. 656",bestätigen
"RI III,2,3 n. 657",bestätigen
"RI III,2,3 n. 658",bekennen
"RI III,2,3 n. 659",bestätigen
"RI III,2,3 n. 66",intervenieren
"RI III,2,3 n. 660",ablehnen
"RI III,2,3 n. 661",werben
"RI III,2,3 n. 662",werden
"RI III,2,3 n. 663",senden
"RI III,2,3 n. 664",ermäßigen
"RI III,2,3 n. 665",ermäßigen
"RI III,2,3 n. 666",bestätigen
"RI III,2,3 n. 667",begehen
"RI III,2,3 n. 668",werden
"RI III,2,3 n. 669",erneuern
"RI III,2,3 n. 67",intervenieren
"RI III,2,3 n. 670",erkranken
"RI III,2,3 n. 671",werden
"RI III,2,3 n. 672",bestimmen
"RI III,2,3 n. 673",werden
"RI III,2,3 n. 674",veranlassen
"RI III,2,3 n. 675",begehen
"RI III,2,3 n. 676",tauschen
"RI III,2,3 n. 677",versuchen
"RI III,2,3 n. 678",ergeben
"RI III,2,3 n. 679",beauftragen
"RI III,2,3 n. 68",intervenieren
"RI III,2,3 n. 680",erlassen
"RI III,2,3 n. 681",sammeln
"RI III,2,3 n. 682",schicken
"RI III,2,3 n. 683",treffen
"RI III,2,3 n. 684",erscheinen
"RI III,2,3 n. 685",schenken
"RI III,2,3 n. 686",übertragen
"RI III,2,3 n. 687",nehmen
"RI III,2,3 n. 688",verwerfen
"RI III,2,3 n. 689",beschließen
"RI III,2,3 n. 69",intervenieren
"RI III,2,3 n. 690",nehmen
"RI III,2,3 n. 691",begeben
"RI III,2,3 n. 692",werden
"RI III,2,3 n. 693",ersuchen
"RI III,2,3 n. 694",schenken
"RI III,2,3 n. 695",ordnen
"RI III,2,3 n. 696",schenken
"RI III,2,3 n. 697",schenken
"RI III,2,3 n. 698",werden
"RI III,2,3 n. 699",erhalten
"RI III,2,3 n. 70",erhalten
"RI III,2,3 n. 700",empfangen
"RI III,2,3 n. 701",begehen
"RI III,2,3 n. 702",entsprechen
"RI III,2,3 n. 703",werden
"RI III,2,3 n. 704",bestätigen
"RI III,2,3 n. 705",erreichen
"RI III,2,3 n. 706",begehen
"RI III,2,3 n. 707",schenken
"RI III,2,3 n. 708",schenken
"RI III,2,3 n. 709",empfangen
"RI III,2,3 n. 71",bitten
"RI III,2,3 n. 710",halten
"RI III,2,3 n. 711",treffen
"RI III,2,3 n. 712",empfangen
"RI III,2,3 n. 713",unternehmen
"RI III,2,3 n. 714",übergeben
"RI III,2,3 n. 715",befehlen
"RI III,2,3 n. 716",kehren
"RI III,2,3 n. 717",bestätigen
"RI III,2,3 n. 718",begeben
"RI III,2,3 n. 719",schenken
"RI III,2,3 n. 72",werden
"RI III,2,3 n. 720",verwenden
"RI III,2,3 n. 721",erhalten
"RI III,2,3 n. 722",werden
"RI III,2,3 n. 723",bestätigen
"RI III,2,3 n. 724",gelangen|gelingen
"RI III,2,3 n. 726",entsenden
"RI III,2,3 n. 727",begehen
"RI III,2,3 n. 729",erhalten
"RI III,2,3 n. 73",folgen
"RI III,2,3 n. 730",warnen
"RI III,2,3 n. 731",gelingen
"RI III,2,3 n. 732",begehen
"RI III,2,3 n. 733",lassen
"RI III,2,3 n. 734",erfahren
"RI III,2,3 n. 735",begehen
"RI III,2,3 n. 736",bestellen
"RI III,2,3 n. 737",schenken
"RI III,2,3 n. 738",gestatten
"RI III,2,3 n. 739",schenken
"RI III,2,3 n. 74",empfangen
"RI III,2,3 n. 740",sammeln
"RI III,2,3 n. 741",eröffnen
"RI III,2,3 n. 742",verfolgen
"RI III,2,3 n. 743",enden
"RI III,2,3 n. 744",untersagen
"RI III,2,3 n. 745",begeben
"RI III,2,3 n. 746",schicken
"RI III,2,3 n. 747",ernennen
"RI III,2,3 n. 748",entlassen
"RI III,2,3 n. 749",werden
"RI III,2,3 n. 75",übernehmen
"RI III,2,3 n. 751",schicken
"RI III,2,3 n. 752",bieten
"RI III,2,3 n. 753",beabsichtigen
"RI III,2,3 n. 754",werden
"RI III,2,3 n. 755",werden
"RI III,2,3 n. 756",werden
"RI III,2,3 n. 757",begeben
"RI III,2,3 n. 758",erklären
"RI III,2,3 n. 759",verleihen
"RI III,2,3 n. 76",werden
"RI III,2,3 n. 760",entsenden
"RI III,2,3 n. 761",empfangen
"RI III,2,3 n. 762",bestätigen
"RI III,2,3 n. 763",übermitteln
"RI III,2,3 n. 765",versammeln
"RI III,2,3 n. 766",bitten
"RI III,2,3 n. 767",beauftragen
"RI III,2,3 n. 768",nehmen
"RI III,2,3 n. 769",geben
"RI III,2,3 n. 77",empfehlen
"RI III,2,3 n. 770",begehen
"RI III,2,3 n. 771",bitten
"RI III,2,3 n. 772",werden
"RI III,2,3 n. 773",ernennen
"RI III,2,3 n. 774",übergeben
"RI III,2,3 n. 775",berufen
"RI III,2,3 n. 776",ernennen
"RI III,2,3 n. 777",setzen
"RI III,2,3 n. 778",werden
"RI III,2,3 n. 779",begehen
"RI III,2,3 n. 78",restituieren
"RI III,2,3 n. 780",schlagen
"RI III,2,3 n. 781",werden
"RI III,2,3 n. 782",entsenden
"RI III,2,3 n. 783",erhalten
"RI III,2,3 n. 784",treffen
"RI III,2,3 n. 785",werfen
"RI III,2,3 n. 786",wenden
"RI III,2,3 n. 787",entsenden
"RI III,2,3 n. 788",verlagern
"RI III,2,3 n. 789",treffen
"RI III,2,3 n. 79",erhalten
"RI III,2,3 n. 790",setzen
"RI III,2,3 n. 791",werden
"RI III,2,3 n. 792",treffen
"RI III,2,3 n. 793",erscheinen
"RI III,2,3 n. 794",suspendieren
"RI III,2,3 n. 796",erteilen
"RI III,2,3 n. 797",setzen
"RI III,2,3 n. 798",verlassen
"RI III,2,3 n. 799",wohnen
"RI III,2,3 n. 8",intervenieren
"RI III,2,3 n. 80",erörtern
"RI III,2,3 n. 800",erhalten
"RI III,2,3 n. 801",begehen
"RI III,2,3 n. 802",bestätigen
"RI III,2,3 n. 804",ordnen
"RI III,2,3 n. 805",bitten
"RI III,2,3 n. 806",übertragen
"RI III,2,3 n. 807",übertragen
"RI III,2,3 n. 808",verwenden
"RI III,2,3 n. 809",ernennen
"RI III,2,3 n. 81",werden
"RI III,2,3 n. 810",erwägen
"RI III,2,3 n. 811",feiern
"RI III,2,3 n. 812",ernennen
"RI III,2,3 n. 813",schenken
"RI III,2,3 n. 814",sterben
"RI III,2,3 n. 815",befehlen
"RI III,2,3 n. 816",erfahren
"RI III,2,3 n. 817",fernbleiben
"RI III,2,3 n. 819",werden
"RI III,2,3 n. 82",werden
"RI III,2,3 n. 820",entsenden
"RI III,2,3 n. 823",schenken
"RI III,2,3 n. 824",vereinigen
"RI III,2,3 n. 825",zeihen|ziehen
"RI III,2,3 n. 826",übertragen
"RI III,2,3 n. 83",erfolgen
"RI III,2,3 n. 830",werden
"RI III,2,3 n. 831",beklagen
"RI III,2,3 n. 832",treffen
"RI III,2,3 n. 833",fordern
"RI III,2,3 n. 834",entlassen
"RI III,2,3 n. 835",investieren
"RI III,2,3 n. 836",lagern
"RI III,2,3 n. 840",versprechen
"RI III,2,3 n. 841",beginnen
"RI III,2,3 n. 843",räumen
"RI III,2,3 n. 844",begeben
"RI III,2,3 n. 845",empfangen
"RI III,2,3 n. 846",empfangen
"RI III,2,3 n. 848",senden
"RI III,2,3 n. 849",verlassen
"RI III,2,3 n. 850",begehen
"RI III,2,3 n. 851",senden
"RI III,2,3 n. 852",treffen
"RI III,2,3 n. 853",bestätigen
"RI III,2,3 n. 854",überqueren
"RI III,2,3 n. 855",führen
"RI III,2,3 n. 856",erscheinen
"RI III,2,3 n. 858",treffen
"RI III,2,3 n. 859",treffen
"RI III,2,3 n. 86",begehen
"RI III,2,3 n. 860",überschreiten
"RI III,2,3 n. 862",erteilen
"RI III,2,3 n. 863",entsenden
"RI III,2,3 n. 865",empfangen
"RI III,2,3 n. 866",bestätigen
"RI III,2,3 n. 867",befreien
"RI III,2,3 n. 868",bestätigen
"RI III,2,3 n. 869",bestätigen
"RI III,2,3 n. 870",bestätigen
"RI III,2,3 n. 871",übertragen
"RI III,2,3 n. 872",verschieben
"RI III,2,3 n. 873",erhalten
"RI III,2,3 n. 874",entziehen
"RI III,2,3 n. 875",verleihen
"RI III,2,3 n. 876",feiern
"RI III,2,3 n. 877",erhalten
"RI III,2,3 n. 879",feiern
"RI III,2,3 n. 88",herrschen
"RI III,2,3 n. 880",werden
"RI III,2,3 n. 881",befehlen
"RI III,2,3 n. 882",bestätigen
"RI III,2,3 n. 883",bestätigen
"RI III,2,3 n. 885",verlassen
"RI III,2,3 n. 886",treffen
"RI III,2,3 n. 887",unternehmen
"RI III,2,3 n. 888",betonen
"RI III,2,3 n. 889",aufsetzen
"RI III,2,3 n. 890",begeben
"RI III,2,3 n. 891",verleihen
"RI III,2,3 n. 892",verleihen
"RI III,2,3 n. 893",schenken
"RI III,2,3 n. 894",zeihen|ziehen
"RI III,2,3 n. 895",verleihen
"RI III,2,3 n. 896",übertragen
"RI III,2,3 n. 897",schließen
"RI III,2,3 n. 898",versuchen
"RI III,2,3 n. 899",beenden
"RI III,2,3 n. 9",werden
"RI III,2,3 n. 900",begeben
"RI III,2,3 n. 901",entsenden
"RI III,2,3 n. 902",werden
"RI III,2,3 n. 903",verweilen
"RI III,2,3 n. 904",verlassen
"RI III,2,3 n. 905",ernennen
"RI III,2,3 n. 906",setzen
"RI III,2,3 n. 907",unternehmen
"RI III,2,3 n. 908",feiern
"RI III,2,3 n. 909",begeben
"RI III,2,3 n. 910",empfangen
"RI III,2,3 n. 911",setzen
"RI III,2,3 n. 912",treffen
"RI III,2,3 n. 913",begeben
"RI III,2,3 n. 914",halten
"RI III,2,3 n. 915",verleihen
"RI III,2,3 n. 916",halten
"RI III,2,3 n. 918",nehmen
"RI III,2,3 n. 919",vereinigen
"RI III,2,3 n. 920",sterben
"RI III,2,3 n. 921",begehen
"RI III,2,3 n. 922",stellen
"RI III,2,3 n. 923",weisen
"RI III,2,3 n. 924",belagern
"RI III,2,3 n. 925",setzen
"RI III,2,3 n. 926",entsenden
"RI III,2,3 n. 928",setzen
"RI III,2,3 n. 929",schenken
"RI III,2,3 n. 93",regeln
"RI III,2,3 n. 930",schenken
"RI III,2,3 n. 931",schenken
"RI III,2,3 n. 932",schenken
"RI III,2,3 n. 933",erhalten
"RI III,2,3 n. 934",restituieren
"RI III,2,3 n. 935",feiern
"RI III,2,3 n. 936",feiern
"RI III,2,3 n. 937",kehren
"RI III,2,3 n. 938",kehren
"RI III,2,3 n. 939",treffen
"RI III,2,3 n. 94",erheben
"RI III,2,3 n. 940",kommen
"RI III,2,3 n. 941",laden
"RI III,2,3 n. 942",begeben
"RI III,2,3 n. 943",ernennen
"RI III,2,3 n. 944",feiern
"RI III,2,3 n. 945",geben
"RI III,2,3 n. 946",verhindern
"RI III,2,3 n. 947",treffen
"RI III,2,3 n. 948",zeihen|ziehen
"RI III,2,3 n. 949",sammeln
"RI III,2,3 n. 95",werden
"RI III,2,3 n. 950",zeihen|ziehen
"RI III,2,3 n. 951",brechen
"RI III,2,3 n. 952",belagern
"RI III,2,3 n. 953",lassen
"RI III,2,3 n. 955",begeben
"RI III,2,3 n. 956",begehen
"RI III,2,3 n. 957",ernennen
"RI III,2,3 n. 958",ernennen
"RI III,2,3 n. 959",restituieren
"RI III,2,3 n. 960",lassen
"RI III,2,3 n. 961",bieten
"RI III,2,3 n. 963",schenken
"RI III,2,3 n. 964",treffen
"RI III,2,3 n. 965",feiern
"RI III,2,3 n. 967",weisen
"RI III,2,3 n. 968",empfangen
"RI III,2,3 n. 969",entsenden
"RI III,2,3 n. 970",unternehmen
"RI III,2,3 n. 971",feiern
"RI III,2,3 n. 972",empfangen
"RI III,2,3 n. 974",bestätigen
"RI III,2,3 n. 975",schenken
"RI III,2,3 n. 976",treffen
"RI III,2,3 n. 977",überlassen
"RI III,2,3 n. 978",bitten
"RI III,2,3 n. 979",verleihen
"RI III,2,3 n. 980",übertragen
"RI III,2,3 n. 981",brechen
"RI III,2,3 n. 982",stimmen
"RI III,2,3 n. 983",schenken
"RI III,2,3 n. 984",schenken
"RI III,2,3 n. 985",schenken
"RI III,2,3 n. 986",unternehmen
"RI III,2,3 n. 987",ernennen
"RI III,2,3 n. 988",begehen
"RI III,2,3 n. 989",schenken
"RI III,2,3 n. 990",sammeln
"RI III,2,3 n. 991",werden
"RI III,2,3 n. 992",treffen
"RI III,2,3 n. 993",werden
"RI III,2,3 n. 994",brechen
"RI III,2,3 n. 995",entsenden
"RI III,2,3 n. 996",verbieten
"RI III,2,3 n. 997",versuchen
"RI III,2,3 n. 998",feiern